{"order_id":1,"customer_id":3,"order_date":"2023-03-15","product_id":1,"quantity":2}
{"order_id":1,"customer_id":3,"order_date":"2023-03-15","product_id":4,"quantity":1}
{"order_id":2,"customer_id":7,"order_date":"2023-05-20","product_id":2,"quantity":2}
{"order_id":2,"customer_id":7,"order_date":"2023-05-20","product_id":11,"quantity":3}
{"order_id":3,"customer_id":2,"order_date":"2023-02-10","product_id":3,"quantity":1}
{"order_id":3,"customer_id":2,"order_date":"2023-02-10","product_id":8,"quantity":2}
{"order_id":3,"customer_id":2,"order_date":"2023-02-10","product_id":12,"quantity":1}
{"order_id":4,"customer_id":5,"order_date":"2023-04-08","product_id":5,"quantity":2}
{"order_id":4,"customer_id":5,"order_date":"2023-04-08","product_id":9,"quantity":3}
{"order_id":5,"customer_id":1,"order_date":"2023-01-20","product_id":6,"quantity":2}
{"order_id":5,"customer_id":1,"order_date":"2023-01-20","product_id":10,"quantity":2}
{"order_id":6,"customer_id":9,"order_date":"2023-07-05","product_id":7,"quantity":3}
{"order_id":6,"customer_id":9,"order_date":"2023-07-05","product_id":11,"quantity":5}
{"order_id":7,"customer_id":4,"order_date":"2023-03-25","product_id":13,"quantity":2}
{"order_id":7,"customer_id":4,"order_date":"2023-03-25","product_id":14,"quantity":3}
{"order_id":8,"customer_id":8,"order_date":"2023-06-12","product_id":15,"quantity":2}
{"order_id":8,"customer_id":8,"order_date":"2023-06-12","product_id":17,"quantity":5}
{"order_id":9,"customer_id":6,"order_date":"2023-04-30","product_id":16,"quantity":2}
{"order_id":9,"customer_id":6,"order_date":"2023-04-30","product_id":18,"quantity":3}
{"order_id":10,"customer_id":10,"order_date":"2023-07-25","product_id":19,"quantity":1}
{"order_id":10,"customer_id":10,"order_date":"2023-07-25","product_id":20,"quantity":2}
{"order_id":11,"customer_id":2,"order_date":"2023-02-18","product_id":1,"quantity":1}
{"order_id":11,"customer_id":2,"order_date":"2023-02-18","product_id":5,"quantity":2}
{"order_id":12,"customer_id":7,"order_date":"2023-05-28","product_id":3,"quantity":2}
{"order_id":12,"customer_id":7,"order_date":"2023-05-28","product_id":11,"quantity":3}
{"order_id":13,"customer_id":3,"order_date":"2023-03-20","product_id":8,"quantity":3}
{"order_id":13,"customer_id":3,"order_date":"2023-03-20","product_id":12,"quantity":3}
{"order_id":14,"customer_id":1,"order_date":"2023-01-30","product_id":6,"quantity":3}
{"order_id":14,"customer_id":1,"order_date":"2023-01-30","product_id":9,"quantity":4}
{"order_id":15,"customer_id":5,"order_date":"2023-04-15","product_id":2,"quantity":3}
{"order_id":15,"customer_id":5,"order_date":"2023-04-15","product_id":7,"quantity":4}
{"order_id":16,"customer_id":9,"order_date":"2023-07-10","product_id":13,"quantity":3}
{"order_id":16,"customer_id":9,"order_date":"2023-07-10","product_id":16,"quantity":3}
{"order_id":17,"customer_id":4,"order_date":"2023-03-30","product_id":10,"quantity":2}
{"order_id":17,"customer_id":4,"order_date":"2023-03-30","product_id":14,"quantity":3}
{"order_id":18,"customer_id":8,"order_date":"2023-06-20","product_id":15,"quantity":2}
{"order_id":18,"customer_id":8,"order_date":"2023-06-20","product_id":18,"quantity":3}
{"order_id":19,"customer_id":6,"order_date":"2023-05-05","product_id":19,"quantity":1}
{"order_id":19,"customer_id":6,"order_date":"2023-05-05","product_id":4,"quantity":4}
{"order_id":20,"customer_id":10,"order_date":"2023-07-30","product_id":20,"quantity":3}
{"order_id":20,"customer_id":10,"order_date":"2023-07-30","product_id":17,"quantity":7}
